{
    "avg_score": -3795.6502637434874,
    "MSE": 27.143425586824883,
    "R_squared": -26.65664204785976,
    "avg_coverage": 0.676625
}